DogName, Count
BELLA,110
SADIE,79
BUDDY,72
MAX,68
BAILEY,67
LUCY,67
DAISY,61
GINGER,58
JACK,57
MOLLY,55
CHARLIE,53
COOPER,50
LILY,49
ROCKY,48
BEAR,47
ROXY,47
ABBY,46
LUNA,46
WILLOW,46
DENALI,45
DUKE,43
KODA,43
MAGGIE,42
KENAI,39
HARLEY,38
LUCKY,38
TOBY,38
RILEY,37
SHADOW,36
JAKE,35
RUBY,34
LADY,33
SOPHIE,32
CHLOE,31
ROSIE,31
DIESEL,30
COCO,29
LOKI,29
LOLA,29
YUKON,28
BANDIT,27
GUS,27
JASPER,27
PEPPER,27
PIPER,26
STELLA,26
TUCKER,26
BLUE,25
LILLY,25
RUGER,25
SAM,25
BUSTER,24
OSCAR,24
PENNY,24
SASHA,24
SCOUT,24
DAKOTA,23
RAVEN,23
ZOE,23
ANNIE,22
BELLE,22
BENTLEY,22
CODY,22
EMMA,22
GRACIE,22
KONA,22
MURPHY,21
RANGER,21
FINN,20
MILO,20
ZOEY,20
KISKA,19
KODIAK,19
OLIVER,19
OTIS,19
WINSTON,19
ZEUS,19
BAXTER,18
CHANCE,18
ELLIE,18
JACKSON,18
MISSY,18
NALA,18
SPARKY,18
DOZER,17
KATIE,17
MIA,17
ANGEL,16
FRANKIE,16
GEORGE,16
JAX,16
LEXI,16
LOUIE,16
MINNIE,16
MOCHA,16
MOOSE,16
ATHENA,15
DEXTER,15
HOLLY,15
IZZY,15
JASMINE,15
LULU,15
MADDIE,15
MARLEY,15
MISTY,15
SUGAR,15
TAZ,15
THOR,15
TITAN,15
CHEWY,14
COCOA,14
COPPER,14
GIZMO,14
HONEY,14
KOBUK,14
ODIN,14
OREO,14
ROSCOE,14
RUSTY,14
SAMPSON,14
SPIKE,14
TEDDY,14
APOLLO,13
BO,13
GUNNER,13
HENRY,13
LEO,13
MCKINLEY,13
OLIVE,13
PEANUT,13
POPPY,13
SAMMY,13
BOO,12
DESHKA,12
HAZEL,12
KAI,12
MAYA,12
MICKEY,12
MILLIE,12
REMY,12
ROXIE,12
SANDY,12
SCOOTER,12
TANK,12
BRODY,11
BRUTUS,11
CALLIE,11
CASH,11
CHENA,11
DALLAS,11
JOEY,11
PORTER,11
PRINCE,11
RIPLEY,11
RIVER,11
RYDER,11
SITKA,11
SNICKERS,11
STORMY,11
TYSON,11
ZIGGY,11
ACE,10
AURORA,10
BOOMER,10
BRUNO,10
CALI,10
HANK,10
HUNTER,10
KING,10
LUKE,10
OAKLEY,10
ODIE,10
OLLIE,10
RUDY,10
SALLY,10
SAMSON,10
SUNNY,10
XENA,10
ZEKE,10
ASPEN,9
ATLAS,9
BABY,9
BEAU,9
BRUCE,9
CHICO,9
DIAMOND,9
DIXIE,9
DUSTY,9
EDDIE,9
HOMER,9
JAZZ,9
JUNO,9
LOGAN,9
MADDY,9
MOJO,9
PHOEBE,9
REX,9
SAMANTHA,9
SARGE,9
SHEBA,9
SNOOPY,9
STAR,9
TRIGGER,9
ALLIE,8
ANGUS,8
BENNY,8
BRISTOL,8
BUBBA,8
CASEY,8
CASSIE,8
CINNAMON,8
COOKIE,8
DELILAH,8
GRIZZLY,8
HANNAH,8
HOPE,8
KAISER,8
KINLEY,8
LAYLA,8
MATTIE,8
MAXIMUS,8
MIDNIGHT,8
NOVA,8
NUGGET,8
ONYX,8
PARKER,8
PRECIOUS,8
PRINCESS,8
RASCAL,8
RIO,8
ROMEO,8
RUFUS,8
SIERRA,8
SIMBA,8
SMOKEY,8
STANLEY,8
SYDNEY,8
TILLY,8
TROOPER,8
WILLIE,8
WINNIE,8
WRIGLEY,8
APRIL,7
ABBEY,7
AMBER,7
BERNIE,7
BETTY,7
BONNIE,7
BUTTERS,7
CHICA,7
COSMO,7
CRICKET,7
DOC,7
DOLLY,7
DRAKE,7
ELSA,7
FOXY,7
GIGI,7
HEIDI,7
JADE,7
JOSIE,7
KAYA,7
KITA,7
KOA,7
MACY,7
NELLIE,7
NIKKI,7
PEARL,7
PENELOPE,7
REMI,7
REMINGTON,7
ROO,7
SARAH,7
SASSY,7
SHELBY,7
TIMBER,7
YUKI,7
ABIGAIL,6
ALICE,6
ALYESKA,6
BODHI,6
BOWSER,6
BRODIE,6
CAESAR,6
CASPER,6
CEDAR,6
CHASE,6
CHEVY,6
COWBOY,6
DAPHNE,6
DASH,6
DAWSON,6
EVA,6
FRITZ,6
GOOSE,6
HERCULES,6
ISABELLA,6
ISIS,6
JESSIE,6
JOE,6
JUNEAU,6
KALI,6
KARMA,6
KIMBER,6
KIRA,6
KOKO,6
LENNY,6
MAISY,6
MASON,6
MISHKA,6
NEMO,6
NINA,6
OLAF,6
RADAR,6
ROCCO,6
ROGUE,6
ROSE,6
ROWDY,6
SCOOBY,6
SCRAPPY,6
SIMON,6
SKYE,6
SOPHIA,6
TIA,6
TINKERBELL,6
TORI,6
TRAPPER,6
TRIXIE,6
WATSON,6
YODA,6
ZORRO,6
ABBIE,5
AJAX,5
ANDY,5
ANNA,5
ARCHIE,5
AUTUMN,5
AXEL,5
BABE,5
BABY GIRL,5
BARKLEY,5
BEN,5
BLAZE,5
BOBBY,5
BOLT,5
BORIS,5
BRADY,5
BRANDY,5
BUCK,5
CAPONE,5
CAPTAIN,5
CHAMP,5
CHINOOK,5
CHIP,5
CLYDE,5
COMET,5
DAX,5
DEUCE,5
DOBBY,5
DUDE,5
DUNCAN,5
DUTCHESS,5
ELLA,5
FANCY,5
FIONA,5
FRODO,5
GEMMA,5
GINNY,5
GRACE,5
GYPSY,5
HARVEY,5
HATCHER,5
IVY,5
JAGER,5
JAXON,5
JOY,5
JUNIOR,5
KIKI,5
KILO,5
KOBE,5
LACEY,5
LEIA,5
LIBERTY,5
MATILDA,5
MERLIN,5
NANOOK,5
NIKO,5
NYX,5
OLIVIA,5
O'MALLEY,5
PANDA,5
PATCH,5
PATCHES,5
PEACHES,5
PIXIE,5
RAIDER,5
RAMBO,5
REBEL,5
SABLE,5
SARA,5
SAWYER,5
SCARLETT,5
SEAMUS,5
SHILOH,5
SONNY,5
TAZLINA,5
TESS,5
TESSA,5
TITUS,5
TUFFY,5
VIOLET,5
WRANGELL,5
ZELDA,5
ADAK,4
ADDIE,4
ALEX,4
ALI,4
ARLO,4
ARYA,4
ATIGUN,4
ATTU,4
AUGGIE,4
AZUL,4
BANJO,4
BAUER,4
BENJI,4
BINGO,4
BOB,4
BODIE,4
BOSTON,4
BROOKS,4
BROWNIE,4
BUTCH,4
BUZZ,4
CEASAR,4
CHAI,4
CHARLOTTE,4
CHESTER,4
CHEWIE,4
CHIEF,4
CHILI,4
CINDER,4
CLEO,4
CLOVER,4
COHO,4
COLBY,4
CORA,4
DAISEY,4
DANTE,4
DIEGO,4
DIGGER,4
DJ,4
DJANGO,4
DOUGLAS,4
DYLAN,4
EASTON,4
ELI,4
ELVIS,4
EMMETT,4
ENZO,4
FELIX,4
FINLEY,4
FRECKLES,4
FRED,4
GABBY,4
GERTIE,4
GIDGET,4
GOLDIE,4
GUCCI,4
IGGY,4
INDIE,4
INDY,4
JENNY,4
JESSE,4
JEWELS,4
JULIE,4
KAYLEE,4
KEENA,4
KIERA,4
KODI,4
KODY,4
LIBBY,4
LINCOLN,4
LYLA,4
MAC,4
MACKENZIE,4
MADISON,4
MANDY,4
MAUI,4
MIKEY,4
MILA,4
MIMI,4
MISHA,4
MISTER,4
MOE,4
MORGAN,4
MYA,4
NEO,4
NORMAN,4
NUKKA,4
OBI,4
OPIE,4
OTTO,4
OZZY,4
PACO,4
PAPI,4
PEBBLES,4
PERCY,4
PETE,4
PILOT,4
PONCHO,4
QUINN,4
RED,4
RIGBY,4
RINGO,4
ROGER,4
ROLO,4
RONAN,4
ROSEY,4
SAMMI,4
SCRUFFY,4
SCULLY,4
SHERMAN,4
SIDNEY,4
SKIPPY,4
SKY,4
SNOWBALL,4
SOLO,4
SPENCER,4
STORM,4
SUKI,4
SUMMIT,4
SUNSHINE,4
SUSIE,4
SWEET PEA,4
SWEETIE,4
TALLULAH,4
TASHA,4
TAYLOR,4
TEEKA,4
TONKA,4
TRINITY,4
TROY,4
TUNDRA,4
WILSON,4
WYATT,4
ZEPHYR,4
ZIVA,4
ZUES,4
JUNE,3
ACHILLES,3
AKIRA,3
ALEXIS,3
ALLY,3
ARES,3
ARROW,3
AUSTIN,3
AVA,3
AVERY,3
AXLE,3
AYLA,3
BALTO,3
BARLEY,3
BATMAN,3
BAYLEE,3
BEA,3
BEAN,3
BEAUFORT,3
BEBE,3
BENELLI,3
BENNIE,3
BERT,3
BIGGS,3
BILLY,3
BLANCA,3
BOGEY,3
BOJANGLES,3
BOMBER,3
BOOTS,3
BOOTSIE,3
BOSCO,3
BOULDER,3
BREE,3
BREEZE,3
BUD,3
BULLET,3
CABO,3
CANDY,3
CASSIDY,3
CECE,3
CECIL,3
CHAOS,3
CHARLEY,3
CHEYENNE,3
CHOPPER,3
CHUBBS,3
CHULI,3
COAL,3
COLE,3
COLT,3
CUPCAKE,3
DAISY MAE,3
DELTA,3
DINGO,3
DIVA,3
DORA,3
DOT,3
DUCHESS,3
DUDLEY,3
DUTCH,3
EBONY,3
ECHO,3
EINSTEIN,3
ESKA,3
EVE,3
FARLEY,3
FERGUS,3
FINNEGAN,3
FLETCHER,3
FLUFFY,3
FORREST,3
FRANK,3
FRANKLIN,3
FREYA,3
GALENA,3
GATSBY,3
GLORY,3
GOLIATH,3
GOOFY,3
GRETA,3
GROVER,3
GUNNAR,3
HAILEY,3
HAPPY,3
HARLOW,3
HERSHEY,3
HOBBS,3
HOOVER,3
HOSS,3
HUCK,3
IKE,3
INDIGO,3
IRIS,3
JACKIE,3
JEDI,3
JEMMA,3
JIMMY,3
JJ,3
JOJO,3
JULES,3
JUPITER,3
KANE,3
KATE,3
KEENEYE,3
KEIKO,3
KETA,3
KHLOE,3
KIRBY,3
KNIK,3
KOVU,3
KRATOS,3
LADY BUG,3
LARRY,3
LEAH,3
LEILA,3
LIAM,3
LINK,3
LIZZIE,3
LIZZY,3
LUCA,3
MABEL,3
MAE,3
MAGPIE,3
MAISIE,3
MAIZY,3
MAJOR,3
MALI,3
MARCO,3
MARIAH,3
MARLEE,3
MARY,3
MARY JANE,3
MAVERICK,3
MCKENZIE,3
MEEKO,3
MIKE,3
MILES,3
MILEY,3
MINDI,3
MISKA,3
MOLLIE,3
MONKEY,3
MOXIE,3
MURRAY,3
NACHO,3
NAHLA,3
NELCHINA,3
NICKI,3
NIKA,3
NIKE,3
NOODLE,3
NOODLES,3
NUKA,3
OLIE,3
OLLY,3
OLY,3
ORION,3
OTTER,3
PAISLEY,3
PARIS,3
PATTON,3
PAXSON,3
PENNY LANE,3
PETER,3
PETEY,3
PICKLE,3
PIXEL,3
POGO,3
POLAR BEAR,3
POLLY,3
QUEEN,3
QUEENIE,3
RAGNAR,3
REBA,3
REGGIE,3
REMUS,3
ROCKET,3
ROCKO,3
ROSCO,3
ROXI,3
RUSSELL,3
SAGE,3
SAILOR,3
SAMMIE,3
SCARLET,3
SEBASTIAN,3
SHADY,3
SHAE,3
SHANE,3
SKIPPER,3
SOX,3
SPICE,3
SPOCK,3
SPOT,3
SPROCKET,3
SQUIRREL,3
STEVE,3
THEO,3
THUNDER,3
TIGGER,3
TIKAANI,3
TIKKA,3
TINA,3
TINY,3
TIPPY,3
TITO,3
TOK,3
TONKS,3
TRUDY,3
TSUNAMI,3
TUG,3
TURBO,3
TUX,3
TY,3
WALLY,3
WILEY,3
WILLA,3
WINCHESTER,3
WOODY,3
XANDER,3
ZEEK,3
MAY,2
TUESDAY,2
ABE,2
ABNER,2
AGNES,2
AJ,2
AK,2
ALEX BARRY,2
ALLIE GIRL,2
ALVIN,2
AMERICA,2
AMMO,2
ANAKIN,2
ANGIE,2
ANIAK,2
ANNABELLE,2
ANNI,2
APPA,2
ARI,2
ARIEL,2
ARIES,2
ARMANI,2
ARTEMIS,2
ARTHUR,2
ASH,2
ASHA,2
ASTRO,2
ATKA,2
ATREYU,2
AXL,2
BADGER,2
BAILEE,2
BALOO,2
BAM BAM,2
BAMBI,2
BARNEY,2
BEAMER,2
BEANIE,2
BEANS,2
BEAST,2
BELL,2
BEORN,2
BERNADETTE,2
BETSY,2
BETTY BOOP,2
BEYLA,2
BIG MAC,2
BILL,2
BING,2
BINO,2
BISCUIT,2
BJORN,2
BLACK JACK,2
BLACKIE,2
BLIZZARD,2
BLOSSOM,2
BLU,2
BOBO,2
BODE,2
BOOGIE,2
BOONE,2
BOSS,2
BOSSY,2
BOY,2
BOZER,2
BRANDI,2
BREWSKI,2
BRIAN,2
BRIDGER,2
BRIO,2
BROCK,2
BRONX,2
BROOK,2
BUDDIE,2
BUGS,2
BURBERRY,2
BURTON,2
BUSHIDO,2
BUTTERCUP,2
BUTTONS,2
CADEN,2
CARAMEL,2
CARRIE,2
CASPIAN,2
CEASER,2
CESAR,2
CHACO,2
CHAPO,2
CHEWBACCA,2
CHIBI,2
CHUCHO,2
CLAIRE,2
CLIFFORD,2
CONNOR,2
CORBIE,2
CORDELIA,2
CROSBY,2
CRUISER,2
CRUZ,2
CRYSTAL,2
D.O.G.,2
DAGAN,2
DAISY MAY,2
DANGER,2
DANI,2
DANNY,2
DARBY,2
DARLA,2
DARWIN,2
DEBO,2
DECLAN,2
DEE DEE,2
DEISEL,2
DEL,2
DEWEY,2
DHARMA,2
DODGER,2
DOMINO,2
DOOLEY,2
DORY,2
DOUG,2
DRACO,2
DUBLIN,2
DUFFY,2
DUGAN,2
DYNA,2
EDWARD,2
EIN,2
ELIAS,2
ELIOT,2
ELLIE MAY,2
EMBER,2
EMMIT,2
EMMY,2
ERIS,2
ERNIE,2
FENWAY,2
FERN,2
FLIP,2
FLOPPY,2
FLOWER,2
FLOYD,2
FORD,2
FREDDIE,2
FREDDY,2
FREEDOM,2
FREYJA,2
GABY,2
GAUGE,2
GEORGIA,2
GHOST,2
GIBBS,2
GIDEON,2
GIMLI,2
GOOMBA,2
GOTTI,2
GRIFFIN,2
GROMIT,2
GUINESS,2
GUMBO,2
GUSTAVO,2
HAKU,2
HALO,2
HAMLET,2
HAMMOND,2
HANNIBAL,2
HAROLD,2
HARRY,2
HARRY POTTER,2
HAWKEYE,2
HAYLEE,2
HEALY,2
HEATHER,2
HECTOR,2
HERO,2
HONDO,2
HOOCH,2
HOOPER,2
HOWIE,2
HUCKLEBERRY,2
HUDSON,2
HUNNY,2
HUXLEY,2
ICHIGO,2
ICY,2
ISA,2
ISABEL,2
ISABELLE,2
ISADORA,2
IVAN,2
JAEGER,2
JAMES,2
JANE,2
JANGO,2
JAZMINE,2
JAZZY,2
JEEP,2
JELLY BEAN,2
JERSEY,2
JET,2
JETHRO,2
JETT,2
JEZEBEL,2
JILL,2
JINGLE,2
JOANIE,2
JODIE,2
JOHNNY,2
JONAH,2
JORDAN,2
JOSEPHINE,2
JUBILEE,2
JUDGE,2
JUDY,2
JUNE BUG,2
KAHLUA,2
KAIBAB,2
KANANI,2
KANGA,2
KANYE,2
KAOS,2
KASH,2
KASHI,2
KATY,2
KAYDEE,2
KEEPER,2
KEETA,2
KEIRA,2
KELLY,2
KELTY,2
KENZI,2
KHALEESI,2
KIA,2
KIANA,2
KIARA,2
KIEFER,2
KIJIK,2
KIKO,2
KILLIAN,2
KIP,2
KIPPER,2
KISSER,2
KIT,2
KITTY,2
KIVI,2
KIYA,2
KIYAH,2
KLAUS,2
KNUCKLES,2
KOBA,2
KODIE,2
KOOPER,2
KOTA,2
KRAMER,2
KRYSTAL,2
KUMA,2
LACI,2
LACY,2
LANA,2
LARA,2
LEDA,2
LEELA,2
LENA,2
LEONIDAS,2
LEVI,2
LEXIE,2
LEXUS,2
LILA,2
LILITH,2
LINUS,2
LITTLE GUY,2
LIZARD,2
LUCY LU,2
LUKA,2
LULA,2
LUMI,2
LYRA,2
LYRIC,2
MACK,2
MAIZEY,2
MALIBU,2
MAPLE,2
MARCUS,2
MARIA,2
MARIO,2
MARSHALL,2
MARTY,2
MAVIS,2
MAXWELL,2
MELODY,2
MERCEDES,2
MERCY,2
MIKA,2
MIKI,2
MIKO,2
MILENA,2
MILLY,2
MINER,2
MINI COOPER,2
MINION,2
MINKA,2
MOKI,2
MONGO,2
MONTE,2
MOSES,2
MUFFIN,2
MURPH,2
MUSHU,2
MYLES,2
NADIA,2
NAPOLEON,2
NEKO,2
NELSON,2
NERO,2
NEWTON,2
NICO,2
NIKITA,2
NIKKO,2
NIKOLAI,2
NILES,2
NILLA,2
NORM,2
NORTH,2
OBIWAN,2
ORCA,2
ORVIS,2
OSA,2
OSO,2
OSWIN,2
OZZIE,2
PALMER,2
PAX,2
PAYTON,2
PEGGY,2
PEPE,2
PEPITO,2
PETRA,2
PHEOBE,2
PHOENIX,2
PIKA,2
PIKACHU,2
PIPPEN,2
PIPPI,2
PIPPIN,2
PIPPY,2
PITA,2
PJ,2
POCKET,2
POLARIS,2
PONYO,2
POOH BEAR,2
POOKIE,2
POTTER,2
PRANCER,2
PRISCILLA,2
PRUDHOE,2
PUCK,2
PUDDIN,2
PUGSLEY,2
PUNKY,2
PUPPY,2
RA,2
RAINA,2
RALPH,2
RAMSEY,2
RASTA,2
RED DOG,2
REKA,2
REMMY,2
RENO,2
REUBEN,2
RHEA,2
RICHTER,2
RICKY,2
RIVERS,2
ROBBIE,2
ROBBY,2
ROCKEY,2
ROHN,2
ROLLY,2
ROMA,2
ROMAN,2
ROME,2
ROSEMARY,2
ROSSI,2
ROVER,2
ROXANNE,2
ROY,2
RUE,2
RUPERT,2
RYKER,2
SABBATH,2
SABINE,2
SAKARI,2
SAKO,2
SAL,2
SALEM,2
SALTY,2
SAMI,2
SAMURAI,2
SAVANNAH,2
SCAMP,2
SEDONA,2
SEQUOIA,2
SETH,2
SHAGGY,2
SHAKESPEARE,2
SHASTA,2
SHAYLA,2
SHEA,2
SHEEBA,2
SHEENA,2
SHELDON,2
SHERLOCK,2
SHORTY,2
SHYLA,2
SID,2
SILAS,2
SIRI,2
SITA,2
SKIFF,2
SKITTLES,2
SMEAGLE,2
SMOKIE,2
SNIPER,2
SNOOP,2
SNOW,2
SNOWY,2
SOCKS,2
SOLDIER,2
SPANKY,2
SPEC,2
SPEEDY,2
SPIRIT,2
SPRING,2
SPUR,2
STARBUCK,2
STARSKY,2
STERLING,2
SUE,2
SUKA,2
SUSITNA,2
TALI,2
TALLY,2
TANA,2
TANGO,2
TANNER,2
TATER TOT,2
TAZER,2
TEBOW,2
TED,2
TESLA,2
TEX,2
THEODORE,2
TIKI,2
TINK,2
TINKER,2
TIVA,2
TOBEY,2
TOBI,2
TOBIAS,2
TOBIE,2
TOBLERONE,2
TOGO,2
TOMMY,2
TONTO,2
TOTO,2
TROUBLE,2
TROUT,2
TUCK,2
TULA,2
TUULI,2
TWINKIE,2
TYRONE,2
VADER,2
VALOR,2
WALKER,2
WALTER,2
WARLOCK,2
WHISKEY,2
WICKET,2
WIGGLES,2
WILLIS,2
WILMA,2
WINTER,2
YAGER,2
YOSHI,2
ZACK,2
ZANDER,2
ZERO,2
ZEVA,2
ZIPPO,2
ZOOM,2
ZORO,2
ZOYA,2
JULY,1
WEDNESDAY,1
FRIDAY,1
3 OF HEARTS,1
68 WHISKEY,1
AASA,1
ABBI,1
ABEL,1
ABERLOUR,1
ABI,1
ABIGALE,1
ABRAHAM,1
ACER,1
ADA,1
ADAM,1
ADDIE MAE,1
ADDY,1
ADELAIDE,1
ADELE,1
ADELYN,1
ADOBE,1
ADRIAN,1
AGAPE,1
AGATE,1
AGLU,1
AHSOKA,1
AIKO,1
AIOFA,1
AIYANA,1
AJAXX,1
AKEELA,1
AKI,1
AKILA,1
AKITO,1
AKUTAN,1
AL CAPONE,1
ALAKA'I,1
ALAKANUK,1
ALAN,1
ALANI,1
ALASKA,1
ALBUS,1
ALEUTIA,1
ALEXXEE,1
ALF,1
ALFIE,1
ALI BABA,1
ALIANA,1
ALICA,1
A-LIEN,1
ALII,1
ALINAFREYA,1
ALIY,1
ALLEY,1
ALLI,1
ALLY MAY,1
ALMOND ROCA,1
ALPHA,1
ALPINE,1
ALTA,1
ALY,1
AMADEUS,1
AMAK,1
AMBERLYN,1
AMEER,1
AMELIA,1
AMELIA GREEN,1
AMICO,1
AMIR,1
AMIRA,1
AMOS,1
AMY,1
ANCHOR,1
ANDRE,1
ANGEL LOLA,1
ANGELINA,1
ANIA,1
ANIOT,1
ANNABELL,1
ANNABELLA,1
ANNABELLA  E,1
ANNAPURNA,1
ANNIE BELLE,1
ANOUK,1
ANOWIK,1
ANTHONY CRIT,1
ANUBIS,1
ANYA,1
APHRODITE,1
APPLE,1
APU,1
ARBELL,1
ARCADIA,1
ARCHER,1
ARCHIE E.,1
ARCTIC,1
AREC,1
ARETE,1
AREZ,1
ARGOS,1
ARGUS,1
ARHI,1
ARIE,1
ARISTOTLE,1
ARIYANA,1
ARNOLD,1
ARORA,1
ARTY,1
ARWEN,1
ARWYN,1
ARY,1
ASHE,1
ASHER,1
ASHLEIGH,1
ASTA,1
ASUKA,1
ATILLA,1
ATL,1
ATLANTA,1
ATOS,1
ATTICUS,1
ATTIE,1
AUDI MURPHEY,1
AUGIE,1
AUGUSTUS,1
AURELIA,1
AURI,1
AUSSIE,1
AUSTRINGER,1
AUXEN,1
AVALANCHE,1
AY JAY,1
AZULA,1
AZULZ,1
BAAN,1
BABY BOY,1
BABY BYE BYE,1
BABY DOG,1
BABYGIRL,1
BACCARDI,1
BACCHUS,1
BAE,1
BAGGER,1
BAGHEERA,1
BAILEY BEAR,1
BAILEY BOB,1
BAILEYS,1
BAILY,1
BAIYA,1
BALI,1
BALOU,1
BAMBOO,1
BANDIDO,1
BANDO,1
BANE,1
BANKS,1
BANNER,1
BANSHEE,1
BARA,1
BARCLAY,1
BARDOT,1
BARLOW,1
BARNABAS,1
BARNABY,1
BARON,1
BARONESS,1
BARRACUDA,1
BARRET,1
BARRETT,1
BARRY 2,1
BARTHOLOMEW,1
BARTLETT,1
BAS,1
BASIL,1
BASKER,1
BASTE,1
BAUBINO,1
BAYA,1
BAYLA,1
BAYLEY,1
BAYWOLF,1
BEANSIDHE,1
BEAR BAIT,1
BEARCOOT,1
BEASLEY,1
BEAUREGARD,1
BEAUTI,1
BEAUX,1
BEBA,1
BECA,1
BECKER,1
BECKY,1
BEE,1
BEEF,1
BEETHOVEN,1
BEETLE,1
BELIEVER,1
BELINDA,1
BELLA STAR,1
BELLATRIX,1
BELLE VOM CI,1
BELUGA,1
BELVEDERE,1
BENAIR,1
BENITO,1
BENNETT,1
BENTLY,1
BEOWULF,1
BERGERON,1
BERNOULLI,1
BERTIE,1
BERTUZZI,1
BESS,1
BESSA,1
BESSIE,1
BESTE,1
BETA,1
BETTLES,1
BHELIN,1
BIBI,1
BIESEN,1
BIG BABY,1
BIG BEN,1
BIGGIE SMALL,1
BILLIE GOAT,1
BINDI,1
BINGLEY,1
BINX,1
BIRCH,1
BIRDIE,1
BIRDIE BOO,1
BIRDY,1
BISCOTTI,1
BISCUITS,1
BISHOP,1
BISKET,1
BITSY,1
BITTY,1
BITZER,1
BIXBY,1
BJ,1
BLACKJACK,1
BLAKE,1
BLESSING,1
BLEU,1
BLING,1
BLISS,1
BLITZ,1
BLONDIE,1
BLOUIS,1
BLUE BELL,1
BLUEBERRY,1
BLUSH,1
BLUTO,1
BOAZ,1
BOBA,1
BOBOI,1
BOCEPHUS,1
BODACIOUS,1
BODEE,1
BODI,1
BOGZ,1
BOLO,1
BOND,1
BONDI,1
BONES,1
BONGO,1
BONNIE BLUE,1
BONNIE JADE,1
BONNY,1
BOO BEAR,1
BOO BOO,1
BOO ENZO,1
BOOBOO,1
BOOGER,1
BOOZIE,1
BORA,1
BORIA,1
BOSSK,1
BOUNCE,1
BOURRE,1
BOW,1
BOW WOW,1
BOWEE,1
BOWMORE,1
BOYD,1
BRADDAH,1
BRADDOCK,1
BRADLEY,1
BRAM,1
BRAMI,1
BRANDEE,1
BRANDILYNN,1
BRANDO,1
BRASH,1
BRAUTWURST,1
BRAVE,1
BRECK,1
BREEZI,1
BRENDA,1
BRENDELIS,1
BRENIN,1
BRENNA,1
BRENNER,1
BRETA,1
BRETT,1
BREW,1
BRIA,1
BRIANA,1
BRIDGET,1
BRIDGETTE,1
BRIGGS,1
BRIIZY,1
BRINDLE,1
BRIOSCA,1
BRISA,1
BRIX,1
BRODDI,1
BRODY DUNCAN,1
BRODY JOE,1
BROGAN,1
BROM,1
BRONIUS,1
BRONSON,1
BROOKE,1
BROOSTER,1
BROSEPH,1
BROTHER,1
BROWN DAWG,1
BROXY,1
BRUCE LEE,1
BRUCE WAYNE,1
BRUNDI,1
BRUSCHI,1
BRUSH,1
BRUZER,1
BRYCE,1
BRYLEE,1
BRYN,1
BRYNN,1
BUBA,1
BUBBAS,1
BUBBLEGUM,1
BUBBLES,1
BUBBLEZ,1
BUBU,1
BUCKAROO,1
BUCKET,1
BUCKLEY,1
BUCKSHOT,1
BUCKY,1
BUDA,1
BUDDHA,1
BUDDI,1
BUDDY HOLLY,1
BUDSY,1
BUELLER,1
BUG,1
BUGSY,1
BUKUM,1
BULLITT,1
BULLSEYE,1
BUNKIE,1
BUNTA,1
BURKE,1
BURLY,1
BUSHWA,1
BUSTER BROWN,1
BUSTER SHARP,1
BUSTERBROWN,1
BUTKUS,1
BUTLER,1
BUTTERSCOTCH,1
BUTTON,1
BUX,1
BUXTON,1
BYRON,1
C STREET,1
C.B.,1
C.C.,1
CABA,1
CACHE,1
CAESER,1
CAICOS,1
CAIN,1
CAITE BEL,1
CALAMITY,1
CALI ANNE,1
CALLAWAY,1
CALLI,1
CALLIE MAE,1
CALLIE ROSE,1
CALLY,1
CALYPSO,1
C'AMAI,1
CAMBERLYNN,1
CAMDEN,1
CAMERON,1
CAMI,1
CAMILLE,1
CAMPER,1
CANDACE,1
CANISA,1
CANYON,1
CAPOTE,1
CAPPIE,1
CAPTAIN REX,1
CARA,1
CARAH,1
CARDI,1
CARL,1
CARL 2.0,1
CARLIE,1
CARLOS,1
CARM,1
CARSON,1
CASCADE,1
CASIE,1
CASSIE JO,1
CASSIE SUE,1
CASSINI,1
CECI,1
CECILIA,1
CEECEE,1
CEIBA,1
CELIA CRUZ,1
CELLI,1
CELLO,1
CENA,1
CET,1
CEZAR,1
CHACHA,1
CHACHII,1
CHAGA,1
CHAHTA,1
CHAKA,1
CHAKO,1
CHAMOIS,1
CHANCEY,1
CHARGER,1
CHARLAMAGNE,1
CHARLEE,1
CHARLIE GIRL,1
CHARLIEBROWN,1
CHARLY,1
CHARMIN,1
CHAUNCEY,1
CHAY,1
CHAZ,1
CHAZZ,1
CHEEBA,1
CHEECHAKO,1
CHEEKY,1
CHEENA,1
CHEIF,1
CHELIOS,1
CHELSEA,1
CHENA ROSE,1
CHERI,1
CHESSIE,1
CHESSIEA,1
CHEWAWA,1
CHEWEE,1
CHEWEY,1
CHEWIE BEE,1
CHIANA,1
CHICHI,1
CHICKADEE,1
CHICORY,1
CHIGNIK,1
CHIKA,1
CHILE,1
CHILIE,1
CHILKOOT,1
CHING CHING,1
CHINOBI,1
CHIO,1
CHIPS,1
CHIQUITA,1
CHITU,1
CHIYO,1
CHOCCO,1
CHOCO,1
CHOCOLATE,1
CHOLLA,1
CHOLO,1
CHOMP JR,1
CHOO,1
CHOP,1
CHRISSY,1
CHUB,1
CHUBBERS,1
CHUCKIE,1
CHUE,1
CHULA BELL,1
CHUM,1
CHUMS,1
CHUNK,1
CHURCHILL,1
CHUY,1
CIARA,1
CICERO,1
CIDER,1
CIDLEE,1
CIDLEY,1
CILLY,1
CINCH,1
CINDERS,1
CINDY,1
CINDY LOU,1
CIRCE,1
CIRI,1
CISCO KID,1
CLAIREE,1
CLARICE,1
CLARK,1
CLEASTWOOD,1
CLECO,1
CLEO2,1
CLEOPATRA,1
CLETUS,1
CLIA,1
CLIDE,1
CLOEY,1
CLOONEY,1
CLOUD,1
CLUTCH,1
CLYDE BARROW,1
CO CO,1
COACH,1
COALBY,1
COALIE,1
COAST,1
COATY,1
COBALT,1
COBH,1
COCHISE,1
CODA,1
CODY BEAR,1
CODY SANCHEZ,1
COKO,1
COLBY LYNNE,1
COLD WATER,1
COLEY BEAR,1
COLIN,1
CONNER,1
CONRAD,1
CONRI,1
COOKI,1
COOKIE BOY,1
COOTA,1
COOTER,1
COPA,1
COQUI,1
CORAL BLUE,1
CORBY,1
CORDUROY,1
CORKY,1
CORVETTE,1
COSA,1
COSTA,1
COTTON,1
COUGAR,1
COURAGE,1
COUSTEAU,1
COUVERDEN,1
COVEY,1
COWGIRL,1
CRACKERS,1
CRISSY,1
CROUTON,1
CROWLEY,1
CRUSH,1
CRUSO,1
CRUZIER,1
CUB,1
CUBBY,1
CUBBY BEAR,1
CUCOY,1
CUDDLES,1
CUDDY,1
CUJO,1
CURLY,1
CURLY-GIRL,1
CURRIE,1
CURTIS,1
CUTIE PIE,1
CUTTER,1
CUVAR,1
CYNDER,1
CYRUS,1
D2,1
DA VINCI,1
DAFFY,1
DAGNY,1
DAHNDI,1
DAISEY MAE,1
DAISY BEAN,1
DAISY DOO,1
DAISY DUKE,1
DAISY-BELLE,1
DAIZY,1
DAJAK,1
DAK,1
DAKODA,1
DALTON,1
DANCER,1
DANDELION,1
DANDY,1
DANIELLE,1
DANIKIS,1
DANNIE,1
DARCIE,1
DARIA,1
DARIUS,1
DARLENE,1
DARMANI,1
DARTANION,1
DASHER,1
DASIA,1
DAUBI,1
DAVINCHY,1
DAVOS,1
DAVY JONES,1
DAYTON,1
DAZZLE,1
D'BO,1
DD,1
DECKER,1
DEEDEE,1
DEEVA,1
DEEZLE,1
DEGORY,1
DEJA VU,1
DEKUX,1
DELIAH,1
DELKO,1
DELLA,1
DELYA,1
DEMI,1
DEMON,1
DENEKI,1
DENEKI 4,1
DENIM,1
DEOGE,1
DEOGI,1
DERBY,1
DESDEMONA,1
DESIRAE,1
DESSA,1
DESTINY,1
DEVON,1
DEWBEE,1
DEWIE,1
DEWY,1
DEX,1
DEXTOR,1
DG,1
DIACO,1
DIANA,1
DIBS,1
DICE,1
DIDDLEY,1
DIEAGO,1
DIGBY,1
DILILA,1
DILLNGER,1
DILLON,1
DIME BAG,1
DIMSUM,1
DINAH,1
DING,1
DINO,1
DINOH,1
DIONES,1
DIPPER,1
DISCO,1
DISNEY,1
DIVER,1
DIXON,1
DIZZY,1
DOGGIE,1
DOGMEAT,1
DOJA,1
DOKY,1
DOLLA,1
DOMINUS,1
DOOBEY,1
DOOBIE,1
DOOBY,1
DOODLE,1
DOOK,1
DOOMSDAY,1
DOOZER,1
DOOZEY,1
DORI,1
DOSIA,1
DOTTIE,1
DOTTIE MAE,1
DOUGAL,1
DOVAHKIIN,1
DOZZER,1
DR BANNER,1
DR DOG,1
DRAGON,1
DRANZER,1
DRAVF,1
DREAM,1
DREGO,1
DROOPY,1
DUALLY,1
DUCK DUCK,1
DUCT TAPE,1
DUG,1
DUGAN MCGRAW,1
DUGAS,1
DUNCAN JR,1
DUTCH VIRDEN,1
DUTCHES,1
DUX,1
DYGGUR,1
DYLLON,1
DYSON,1
E.Z. RYDER,1
EARL,1
EASY,1
EBERT,1
ECHO 2,1
EDISON,1
EDNA,1
EERO,1
EETSA,1
EEVEE,1
EHU,1
EIFFEL,1
EISA,1
EISEN,1
EKLUTNA,1
ELBE,1
ELE ELE,1
ELEANOR,1
ELEANORDIGBY,1
ELFMAN,1
ELGIN,1
ELIJAH,1
ELIZABETH,1
ELKE,1
ELLA BELLA,1
ELLE,1
ELLERA,1
ELLI,1
ELLI MAE,1
ELLIE BEAN,1
ELLIOT,1
ELLIOTT,1
ELLY,1
ELMO,1
ELO,1
ELPHIE,1
ELSIE,1
ELSU,1
ELVIN,1
ELWAY,1
EMILLIE,1
EMMA JUNE,1
EMMA RUE,1
EMMA-LEE,1
EMMET,1
EMMIE,1
EMMITT,1
ENEW,1
EOWYN,1
EQUINOX,1
ERNEST,1
ESCO,1
ESMA,1
ESME,1
ESPICKY,1
ESPIN,1
ESPO,1
ESTES,1
ESTREA,1
ESTRELLA,1
ETTA,1
EUGENE,1
EUREKA!,1
EURO,1
EVIE MAY,1
EVVIE,1
EYVERRAE,1
EZEIKEL,1
EZEKIEL,1
EZIO,1
FAIRBANKS,1
FAITH,1
FAITH ROSE,1
FALCO,1
FALCOR,1
FANCI,1
FANG,1
FANGSIE,1
FARADY,1
FARRAH,1
FAUKXIE,1
FAUST,1
FAUSTINO,1
FEENA,1
FEFE,1
FENDER,1
FENRIR,1
FERDINAND,1
FERRET,1
FEZZIK,1
FIEKA,1
FIEVEL,1
FIFI,1
FIN,1
FINCH,1
FINNIGAN,1
FIRN,1
FISCHER,1
FISH ON,1
FISHER,1
FITZ,1
FITZGERALD,1
FIZZ,1
FIZZIGIG,1
FLAPJACK,1
FLEETWOOD,1
FLEURY,1
FLEX,1
FLICKA,1
FLINT,1
FLINTSTONE,1
FLOPPER,1
FLOSSIE,1
FLUFFY BLAZE,1
FLUFFY PANTS,1
FLY,1
FLYNN,1
FORTE,1
FOSBURY,1
FOSTER,1
FOX,1
FOXY BROWN,1
FOZZIE,1
FRANCOIS,1
FRANKENSTEIN,1
FRANKY,1
FRANZ,1
FRASIER,1
FRAYA,1
FREEWAY,1
FREIDA,1
FREIJA,1
FREYAH,1
FROSTY,1
FRY,1
FUD,1
FUJI,1
FUJITA,1
FULTON,1
FURBEE,1
FURY,1
FYNNLEY,1
FYRNE,1
G MAN,1
G.G.,1
GABBANNA,1
GABE,1
GABRIELLA,1
GADGET,1
GAGE,1
GALAXY,1
GANDA,1
GANDALF,1
GARFIELD,1
GARY,1
GATEWAY,1
GAZ,1
GELIEBTE,1
GEMINI,1
GENESIS,1
GENO,1
GEO,1
GEORGETTE,1
GEORGIABELLE,1
GEORGIANNA,1
GEORGIE,1
GEORGIE GIRL,1
GERTY,1
GHIRIE,1
GHOST EYE,1
GIBSON,1
GIDGET ROSE,1
GIL,1
GILLIGAN,1
GILMORE,1
GIN JAY,1
GINA,1
GINGIN,1
GINZEE,1
GIOVANNI,1
GIRDY,1
GIRL,1
GIRLIE,1
GIRLY,1
GISELLE,1
GISMO,1
GKEORGIE,1
GLACIER,1
GLACIER BLUE,1
GLADYZ,1
GLORY BEA,1
GNASH,1
GOBLIN,1
GOCH,1
GODIVA,1
GOGO,1
GOHAN,1
GOLD,1
GOLFBALL,1
GOMER,1
GONZO,1
GOOBER,1
GOOGLE,1
GOON,1
GORDO,1
GORDY,1
GORGEOUS,1
GORGY,1
GOUDA,1
GRACIANN,1
GRACIE BEAR,1
GRADY,1
GRAEME,1
GRAINNE,1
GRANITE,1
GREASE,1
GREAT GATSBY,1
GRENDEL,1
GRETA HOLLY,1
GRETA MAE,1
GRETCHEN,1
GRETTA,1
GREYCE,1
GREYSON,1
GRIM,1
GRISSOM,1
GRIZABELLA,1
GRIZLEE,1
GRIZZ,1
GRIZZLEY,1
GRIZZY,1
GROMMET,1
GRUMMAN,1
GUARRYS,1
GUI,1
GUINEA,1
GUINNESS,1
GULLY,1
GUNTER,1
GUNTHER,1
GURU,1
GUSSY,1
GUY,1
GWENIVERE,1
GYPSY GRACE,1
HACHI,1
HADLEY,1
HALLIE,1
HAMILTON,1
HAMISH,1
HAMMER,1
HANA,1
HANNA,1
HANSON,1
HAPPYDAWG,1
HARBOR,1
HARKY,1
HARLEE,1
HARLIE,1
HARMONY,1
HARP,1
HARPER,1
HARRIETT,1
HARRISON,1
HARVEE,1
HARVEY JR,1
HATTRICK,1
HAVEN,1
HAVOC,1
HAWLEY,1
HAYDUKE,1
HAZARD,1
HEBE,1
HEDGE,1
HEFF,1
HEIDI MAY,1
HEIDIE,1
HELENA,1
HELIOS,1
HEMERA,1
HEMI,1
HEMISHMCDUFF,1
HENDO,1
HENDRIX,1
HENK,1
HENNA,1
HENNESSY,1
HENREY,1
HERA,1
HERBIE,1
HEREFORD,1
HIGGS,1
HILDY,1
HILO,1
HIRO,1
HITCH,1
HITO,1
HOAGEY,1
HOBBES,1
HOBO,1
HODIE,1
HOGIE,1
HOKULANI,1
HOLLYWOOD,1
HOMESLICE,1
HONEY BEAR,1
HONEY BUNS,1
HONEYBEAR,1
HONEYSUCKLE,1
HOOTCH,1
HOPPER,1
HOPPS,1
HOPS,1
HORNSBY,1
HORST,1
HOWDY,1
HUBERT,1
HUCKLE,1
HUDY,1
HUEY,1
HUGO,1
HULA HOOP,1
HUNDLEY,1
HUNEE,1
HURLEY,1
HURLEY RAE,1
HUSKER,1
HUSKY,1
HUTCH,1
HYATT,1
HYDEE,1
HYORI,1
ICARUS,1
ICON,1
IDA,1
IGNEUS,1
IGOR,1
IIKE,1
IKAIKA,1
IKO,1
ILA,1
ILIAMNA,1
ILLA,1
INDI,1
INDIA,1
INDIAN,1
INDIANA,1
INDIANA JONE,1
INGRID,1
INKAX,1
INKY,1
INNOKO,1
INU,1
INUA,1
IOREK,1
IREESE,1
IRISH,1
ISHTA,1
ISKUT,1
ITCHY BROTHE,1
ITSY,1
IVY LULU,1
IZABEL,1
IZEE,1
IZZI,1
IZZIE,1
J.T.,1
JABBER,1
JACK DANIELS,1
JACK FROST,1
JACK WOOFER,1
JACKSON JR,1
JACOB,1
JACOPO,1
JADA,1
JADEN,1
JAE JAE,1
JAGIYA,1
JAGO,1
JAILING,1
JAINA,1
JAJA,1
JAK,1
JALAPENO,1
JALIS,1
JAMESBOND,1
JAMESON,1
JANEK,1
JANIE,1
JAVA,1
JAXSON,1
JAXX,1
JAXZ,1
JAY JAY,1
JAYDA,1
JAYDEN,1
JAYTEE,1
JAZZIE,1
JD,1
JEAREK,1
JEB,1
JEBEDIAH,1
JELLY,1
JENI,1
JERICHO,1
JERRY,1
JESS,1
JESSI,1
JESSICA,1
JESSIE JAMES,1
JESSIE MAE,1
JESTER,1
JETER,1
JEWEL,1
JEZABELLE,1
JEZEBELLE,1
JIFFY,1
JILLIAN,1
JILLY,1
JIMMY BUCKET,1
JINGLES,1
JIPUTA,1
JIROU,1
JITSU,1
JJIN,1
J-LO,1
JO JO,1
JOBIN,1
JOHN,1
JOHN RODGERS,1
JOHNA,1
JOLENE,1
JOLI,1
JOLIE,1
JONATHAN,1
JONI,1
JONNI,1
JOPLIN,1
JP,1
JUAN,1
JUANITA,1
JUBIL,1
JUDAH BEAR,1
JUDE,1
JUELZ,1
JUICE,1
JUJU,1
JULIUS,1
JUNEBUG,1
JUNIE,1
JUSTINE,1
JUSTY,1
K.C.,1
K.D.,1
K.O.,1
KACEE,1
KACI-JADE,1
KADEN,1
KAHALISI,1
KAHLESSI,1
KAHLYA,1
KAHN,1
KAIA,1
KAIKEA,1
KAILE'A,1
KAILUA,1
KAINANI,1
KAIPO,1
KAISIE,1
KAKSI,1
KALA,1
KALEY,1
KALIAH,1
KALILA,1
KALINA,1
KALISTA,1
KALUULA,1
KAMANI,1
KAMIE,1
KANGAROO,1
KANU,1
KAPPA,1
KAPPY,1
KARL,1
KASKEA,1
KASON,1
KASPER,1
KASSEL,1
KASSIDY,1
KATALLA,1
KATANA,1
KATIANNA,1
KATIE ROSE,1
KATNISS,1
KATO,1
KAVA,1
KAVACAMELLIA,1
KAYA MOOMOO,1
KAYDEN,1
KAYLA,1
KAYMA,1
KAY'NA,1
KAYUH,1
KAZZIE,1
KC,1
KD,1
KEAKE,1
KEELAH,1
KEELONI,1
KEELUT,1
KEELY,1
KEESHA,1
KEETNA,1
KEIRNA,1
KEITA,1
KEKOA,1
KELLER,1
KEN,1
KENDALL,1
KENIA,1
KENJI,1
KENLEY,1
KENNA,1
KENO,1
KENYA,1
KENZIE,1
KEONA,1
KEPLER,1
KERMIT,1
KERRY,1
KERSHAW,1
KESS,1
KESUGI,1
KETEL,1
KEYARA,1
KEYBO,1
KEYONA,1
KEYWII,1
KHALESSI,1
KHALUA,1
KHAN,1
KHAN KHO,1
KHERNAL,1
KHODA,1
KHOLE,1
KHUMBU,1
KIAH,1
KIAORA,1
KIAYA,1
KIEBLER,1
KIERA REY,1
KIERIE,1
KIESHA,1
KILA,1
KILEY,1
KILLER,1
KILLEY,1
KIMA,1
KIMBER RENAE,1
KIMCHI,1
KIMIKO,1
KINDLE,1
KINEO,1
KINGSLEY,1
KINGSTON,1
KINLEY LOVE,1
KINSEY,1
KINTLA,1
KISHA,1
KISKI,1
KISMET,1
KITANNA,1
KITSU,1
KIVA,1
KIWI,1
KIZZIE,1
KK,1
KLEIO,1
KLHOE,1
KLINK,1
KLOEE,1
KLUANE,1
KNEESA,1
KNIGHT,1
KNIGHTLEY,1
KNIKI,1
KNOTTY,1
KO,1
KODUH,1
KOGA,1
KOHALA,1
KOHL,1
KOI,1
KOJI,1
KOKOA,1
KOKOMO,1
KOKONUT,1
KOKOPELLI,1
KOKORO,1
KOLA,1
KOLSCH,1
KONA MAE,1
KONAI,1
KONDOR,1
KOOKIE,1
KORA,1
KOSMA,1
KOTCHA,1
KOTORI,1
KOVEN,1
KOYUK,1
KRASH,1
KRAZEE,1
KRISHNA,1
KRONUR,1
KRUZER T.,1
KUBEL,1
KUBLA KHAN,1
KUDA,1
KUKU,1
KUKUI,1
KULIK,1
KUNA,1
KUNUK,1
KUPAA,1
KURO,1
KURO KNIGHT,1
KUSKA,1
KUSKO,1
KUUIPO,1
KYLA,1
KYLIE,1
KYMBER,1
KYMI,1
KYNA,1
KYOKO,1
L. B.,1
L.D.,1
LADY BELLA,1
LADY HOPE,1
LADY MARIE,1
LADY MOLLY,1
LADY PIPER,1
LADYISABELLA,1
LAGERTHA,1
LAIKA,1
LAILA,1
LAKER,1
LAKOTA,1
LAMBEAU,1
LANCE,1
LANDON,1
LANEY,1
LANI,1
LAONA,1
LAPKA,1
LARSEN,1
LASKA,1
LASSIE,1
LATTE,1
LAVERNE,1
LAXUS,1
LAYA,1
LAYCEE,1
LAYLO,1
LAZARUS,1
LB,1
LD GUINEVERE,1
LEA,1
LEE HONG,1
LEELOO,1
LEFFE,1
LEFTY,1
LEGEND,1
LEGO,1
LEITO,1
LEMIEUX,1
LEONA,1
LEONA MARIE,1
LEONARDO,1
LEONIDIS,1
LEROY BROWN,1
LEROY BUSTER,1
LETO,1
LEWEY,1
LEWWI,1
LIBBY-LU,1
LICHEN,1
LICORICE,1
LIEBE,1
LIEUTENANT,1
LIFE,1
LIGHTENING,1
L'IKA,1
LIKO,1
LIL BIT,1
LILA BLUEBEL,1
LILAH,1
LILIPUT,1
LILLI,1
LILLIANA,1
LILLIANNA,1
LILLIE,1
LILLY BELL,1
LILY MAE,1
LILY SUE,1
LINDY,1
LINKA,1
LIONEL,1
LISA,1
LITA,1
LITTLE BEAR,1
LITTLE BIT,1
LITTLE BUDDY,1
LITTLE D,1
LITTLE GIRL,1
LITTLE MAN,1
LIVER,1
LIZKA,1
LOAF,1
LODE,1
LOKELANI,1
LOLA MANO,1
LOLO,1
LOMAX,1
LONDON,1
LOOTKA,1
LORENZO,1
LOU,1
LOUIS,1
LOUIS VUITTO,1
LOULOU,1
LOVAC,1
LOVEY,1
LOVO,1
LT,1
LUCAS,1
LUCCA,1
LUCE,1
LUCI,1
LUCIE,1
LUCIFER,1
LUCILLE,1
LUCIOUS,1
LUCUS,1
LUCY #2,1
LUCY BROWN,1
LUEY,1
LUIGI,1
LUKKA,1
LULU B,1
LULU BELLE,1
LULU PEACHES,1
LUNA BEAN,1
LUNA BLUE,1
LUNALA,1
LUNAR,1
LUPA,1
LUPIN,1
LUPINE,1
LUTHER,1
LUX,1
LYCOS,1
LYKO,1
LYNX,1
M&M,1
MAC TAVISH,1
MACEY,1
MACGUIVER,1
MACGYVER,1
MACHO,1
MACIE,1
MACINTYRE,1
MACK DIESEL,1
MACKLIN,1
MACLAREN,1
MADALYNN,1
MADDI,1
MADDUX,1
MADDY MOOSE,1
MADELINE,1
MADGE,1
MADI,1
MAE BELL,1
MAELEE,1
MAEVE,1
MAGIC,1
MAGNUM,1
MAGNUM MOSES,1
MAGS,1
MAHLI,1
MAIZE,1
MAJOR SARGE,1
MAKARORA,1
MAKENA,1
MAKENNA,1
MAL,1
MALAKAI,1
MALENKO,1
MALI SUMMER,1
MALLA,1
MALLEY,1
MALO,1
MALP WINDY,1
MANDI,1
MANI,1
MANLEY,1
MAPRAW,1
MARA,1
MARCELINE,1
MARCELL,1
MARGO,1
MARI,1
MARILYN,1
MARISHKA,1
MARISKA,1
MARLENA NOVA,1
MARLI,1
MARLO,1
MARLY,1
MARMALADE,1
MARRY,1
MARS,1
MARTI,1
MARTIN,1
MARTINI,1
MARVIN,1
MARX,1
MARY ANN,1
MARYJANE,1
MAT,1
MATANUSKA,1
MATEO,1
MATIGAN,1
MATISSE,1
MAUVI,1
MAVIS JEAN,1
MAX LEE,1
MAXIE,1
MAXIMILLIAN,1
MAXIMILLION,1
MAXIMUSMAX,1
MAXX,1
MAYHEM,1
MAYNARD,1
MAZEL,1
MAZIE,1
MAZZY,1
MCGYVER,1
MCKINZEE,1
MEADOW,1
MEATBALL,1
MEATY,1
MECHO 2,1
MEE MEE,1
MEEKA,1
MEENA,1
MEESHKA,1
MEEZ,1
MEGG,1
MEIKA,1
MEKA,1
MEKI,1
MEL,1
MELISSA,1
MELLA,1
MELO,1
MEMPHIS,1
MERICA,1
MERIDA,1
MERIWEATHER,1
MERLE,1
MERMENTO,1
MERRY,1
MERRY XMAS,1
MESHACH,1
METEA,1
MIA (DULCI),1
MIA BELLA,1
MIAMI,1
MICAH,1
MICHELLE,1
MICK,1
MIDORI,1
MIEMIE,1
MIKAH,1
MIKKI,1
MILKA,1
MILO BLUE,1
MIMOSA,1
MINA,1
MINDY,1
MING MING,1
MINGIN,1
MINI,1
MINI PEARL,1
MINNIE BLOOD,1
MINNIE MAE,1
MINNOW,1
MINX,1
MIRA,1
MIRACLE,1
MISCHIEF,1
MISHAA,1
MISHCA,1
MISS DAISY,1
MISS ELLY,1
MISS LADY,1
MISS LUCY,1
MISS MOLLIE,1
MISSEY,1
MISTY ROSE,1
MITTIE,1
MITZI,1
MITZY,1
MIYA,1
MIYAH,1
MIZ SCARLETT,1
MIZU,1
MIZUKI,1
MJ,1
MJOLHIR,1
MKAYLA,1
MOAB,1
MOBY,1
MOCA,1
MOCCO,1
MOCHE,1
MOCHI,1
MOJITO,1
MOKA,1
MOKEE,1
MOLLEE,1
MOLLY 2,1
MOLLY MAE,1
MOLNI,1
MON AMI,1
MONACO,1
MONEY,1
MONSTER,1
MONTANA,1
MONTE CRISTO,1
MONTY,1
MOO,1
MOO MOO,1
MOOGAN,1
MOOGIE,1
MOOKIE,1
MOON,1
MOONEY,1
MOONSHINE,1
MOOSHA,1
MOOSHKA,1
MOOSIE,1
MORDAWG,1
MOREMI,1
MORRIE,1
MOSA,1
MOSBIE,1
MOSE,1
MOSHI,1
MOSI,1
MOSS,1
MOTCHO,1
MOTEK,1
MOTLEY,1
MOWGLY,1
MOXI,1
MR BEAR,1
MR DEEDS,1
MR. BEANS,1
MR. BELL,1
MR. BIG,1
MR. DARCEY,1
MR. TUBS,1
MR.SMALL,1
MS LILIE,1
MU XU,1
MUDGE,1
MUESLI,1
MUGS,1
MULDER,1
MULUMULU,1
MUPPET,1
MURDOCH,1
MURPHY ROSE,1
MUSA KEBA,1
MUSCOTO,1
MUSTI,1
MUTTLEY,1
MY LADY,1
MYA DAVILA,1
MYAH,1
MYCROFT,1
MYLO,1
MYRA,1
MYRNA,1
MYSTERY,1
MYSTIQUE,1
NABI,1
NAHKOHE,1
NAIA,1
NAILS TOO,1
NAK,1
NAKI,1
NAKITA,1
NAKOMA,1
NALDO,1
NALI,1
NALO,1
NAMASTE,1
NAMINE,1
NANCY,1
NANTAHALA,1
NANUK,1
NAPALI,1
NAPO,1
NAPPA,1
NAPU,1
NASH,1
NATASHA,1
NATCHIQ,1
NATHLIE,1
NAVERA,1
NAYLA,1
NAZ,1
NECA,1
NED,1
NEEKO,1
NEESA,1
NEESHA,1
NELLY,1
NENA,1
NESTLE,1
NETTI,1
NEVE,1
NEVILLE,1
NEWBIE,1
NEWTOK,1
NIBBLES,1
NICOH,1
NICOLETTE,1
NIFFLER,1
NIKA MARIE,1
NIKISKI,1
NIKODEMUS,1
NIKU,1
NILCHIK,1
NILLA VANILL,1
NILLI WAFER,1
NIMH,1
NINJA,1
NINO,1
NISKA,1
NISMO,1
NITRO,1
NIZINA,1
NOAH,1
NOBLE,1
NOCTA,1
NOIR,1
NOLLAIG,1
NONNIE,1
NOOKAH,1
NOOKIE,1
NOOSHKA,1
NOOT,1
NORA,1
NORI,1
NOSEGOES,1
NOSSI,1
NOVAK,1
NOVALEE,1
NOVI,1
NOVO,1
NUBIS,1
NUGGETS,1
NUMBER 2,1
NUNA,1
NUNU,1
NUSHKA,1
NUTMEG,1
NYE,1
NYEA,1
NYKE,1
NYSSA,1
OAKIE,1
OAXACA JOE,1
OBIE,1
OBI-WAN,1
OCEAN,1
OCTAVIOUS,1
ODELL,1
ODO,1
ODYSSEUS,1
OH,1
OKAMI,1
OKSTUKOK,1
OLE,1
OLI,1
OLIVE OYL,1
OLIVERFENWAY,1
OLLI,1
OLSEN,1
OMA,1
OMAR,1
ONA,1
ONYAH,1
OOKA,1
OOLJEE,1
OONA,1
OOPA,1
OOSHKA,1
OPHELIA,1
OPTIMUS,1
OPUS,1
ORKA,1
ORLY,1
ORSO NERO,1
ORZO,1
OSHIE,1
OSITO,1
OSLO,1
OSO SPUNKY,1
OZARK,1
PABLO,1
PACHA,1
PADDINGTON,1
PADME,1
PAGAN,1
PAGE,1
PAIGE,1
PALIN,1
PALOOPA,1
PANCH,1
PANCHO,1
PANDA JACK,1
PANDORA,1
PANZER,1
PAPA,1
PAPPY,1
PASHKA,1
PATERSON,1
PATIENCE,1
PATRICK,1
PATRIOT,1
PATRON,1
PATSY,1
PATTI,1
PAXON,1
PAZZO,1
PEACHES ANNE,1
PEAK,1
PEASLEY,1
PEAT,1
PEDEY,1
PEDRO,1
PEEKABOO,1
PEEPS,1
PENNIE,1
PENNYWOLF,1
PEP,1
PEPE LE PEAU,1
PEPPA,1
PEPPER ANN,1
PEPPER LOU,1
PEPPERMINT,1
PEPSI K-OZ,1
PEQUENO,1
PER,1
PERCEUS,1
PERRY,1
PESO,1
PESTO,1
PETEY JANE,1
PETIE,1
PEYTON,1
PHACKUPPIE,1
PHARO,1
PHEDRA,1
PHEONIX,1
PHIL,1
PHILLY,1
PHIN,1
PHINEAUS,1
PHINNEAS,1
PHISH,1
PI,1
PICARD,1
PIE,1
PIERRE,1
PIGGY,1
PIKE,1
PILAR,1
PINCIA,1
PINECONE,1
PINOT,1
PINT,1
PISTEN,1
PISTOL,1
PISTOL PETE,1
PIXI,1
PIXIE DIXIE,1
PLACER,1
PLATO,1
PLAYA,1
PLAYER,1
PLINY,1
PLUM,1
PLUTO,1
PNUT,1
POCHI,1
POCKETS,1
POCO,1
POE,1
POET,1
POKEY,1
POKITZ,1
POKY,1
POLAR EXPRES,1
POLDI,1
POLO,1
POLU,1
POMMY,1
PONG PONG,1
PONGO,1
PONO,1
POOCHIE,1
POODLE,1
POOH,1
POOKAH,1
POOPER,1
POOPY,1
POPCORN,1
POPPY JO,1
POQUITO,1
PORK CHOP,1
PORKCHOP,1
POSIEDON,1
POTATO,1
POWND,1
POYKA,1
PREACHER,1
PRESLEY,1
PRETZEL,1
PRIM,1
PRIMROSE,1
PRIN. KAMIRA,1
PRINCE FREDR,1
PRINCESS PEA,1
PRINGLE,1
PRISSY,1
PRO.FINBAR,1
PRYN,1
PUAKO,1
PUDDLE,1
PUDGE,1
PUERQUITO,1
PUFF,1
PUFFIN,1
PUGSY,1
PUHN-KIN,1
PUK PUY,1
PUKI,1
PUKU,1
PUMPKIN,1
PUNGO,1
PUNZI,1
PURPLE RAIN,1
PUYUQ,1
PUZON,1
PUZZLES,1
PW,1
PY,1
QIVLIQ,1
QUARTZ,1
QUE,1
QUENN,1
QUESSI,1
QUIGLEY,1
QUORRA,1
QUOY,1
QUOYLE,1
R2,1
RACHEL,1
RACHELL,1
RAEDO,1
RAGS,1
RAIDEN,1
RAIN,1
RAINFLY,1
RAIVO,1
RAIZO,1
RAJ,1
RALEIGH,1
RALLY,1
RAMON,1
RAMONA,1
RAMPAGE,1
RANDALL,1
RANGITIKEI,1
RASHA,1
RASPUTIN,1
RASTUS,1
RAT DOG,1
RATON,1
RAVYN,1
RAWLEY,1
RAWLLIE,1
RAYANN,1
RAYLYN,1
RAYNIE MAE,1
RAZ,1
RAZEE,1
RAZOR,1
RAZZLE,1
REBA JEAN,1
RECCO,1
RECON,1
REDDY,1
REECE,1
REEFER,1
REESE,1
REGAL,1
REGAN,1
REIGN,1
REIKER,1
REILEY,1
REILLY,1
RELLA,1
REMMIE,1
REMMINGTON,1
RENA,1
RENI,1
RENJI,1
RENLEY,1
RENNY,1
REPTAR,1
REV,1
REVOLVER,1
REXI,1
REXIE,1
RHAEGAL,1
RHAEGER,1
RHEE,1
RHET,1
RHETT,1
RHODI,1
RHUBARB,1
RIA,1
RIBBON,1
RICKI,1
RICO,1
RICOO,1
RIDLEY,1
RIFLE,1
RIGGINS,1
RIGGS,1
RIGLEY,1
RIKKU,1
RIKU,1
RILEE,1
RILEY HOOD,1
RILEY TWO,1
RILIAN,1
RINCON,1
RIPLEE,1
RIPLEY 2,1
RIPPER,1
RIPPLY,1
RIPTIDE,1
RISKY,1
RITA,1
RIVET,1
RIZZLE,1
RJ,1
RJ SHILO,1
ROANOKEE,1
ROARK,1
ROBBIE JR,1
ROBESON,1
ROBIN HOOD,1
ROBY,1
ROCK,1
ROCKET E,1
ROCKI,1
ROCKSIE,1
ROCKSTAR,1
ROCKY II,1
ROCKY MT.,1
ROCKY ROAD,1
ROCKY ROLL,1
RODDY,1
ROE,1
ROGAN,1
ROKI,1
ROLAND,1
ROLLO,1
ROMAC,1
RON,1
RONDO,1
RONDY,1
ROO!,1
ROSA MAXIE,1
ROSALINE,1
ROSCO P COLT,1
ROSEBUD,1
ROSEE,1
ROSHAIN,1
ROSIE DEE,1
ROSS,1
ROSY,1
ROUX,1
ROWDEY,1
ROWZER,1
ROXXY,1
ROZSA,1
RUBEN,1
RUBERT (RUBY,1
RUBIO,1
RUBY DELICOU,1
RUBY ROSE,1
RUCA,1
RUCKEE,1
RUCKUS,1
RUDI,1
RUDOLPH,1
RUGBY,1
RUGER MATHE,1
RUGGER,1
RUGGLES,1
RUKA,1
RULA,1
RUMBLE,1
RUMOR,1
RUSSEL,1
RUSTLER,1
RUTGER,1
RUTH,1
RUTHIE,1
RYA,1
RYLEE,1
RYLIE,1
RYOGA,1
S,1
S KIE,1
SABAKA,1
SABASTIAN,1
SABER,1
SABRE,1
SABRINA,1
SACHI,1
SADIE BROWN,1
SADIE GIRL,1
SAFFRON,1
SAHIRA,1
SAIDAH,1
SAIGE,1
SAILISH,1
SAKA,1
SAKAN,1
SAKARI ESKA,1
SAKI,1
SAKURA,1
SALA,1
SALCHA,1
SAMARA,1
SAMBA,1
SAMBO,1
SAMII,1
SAMUEL,1
SANCHO,1
SANDI,1
SANDIA,1
SANDIE,1
SANDY GIRL,1
SANDY PALMER,1
SANTINO,1
SAPHIRE,1
SAPPHIRE,1
SARGENT,1
SASCHA,1
SASKIA,1
SATCHMO,1
SATCHY,1
SATO,1
SAY-D,1
SCAMPERS,1
SCAMPY,1
SCARFACE,1
SCHATZI,1
SCHATZY,1
SCHISM,1
SCHNITZEL,1
SCHOONER,1
SCHROEDER,1
SCHULER,1
SCOTCH,1
SCOTTIE,1
SCOTTY,1
SCOUT P.,1
SCRAMBLES,1
SCRAPS,1
SCRATCH,1
SCRUFFERS,1
SEAMORE,1
SEDONA PIP,1
SEELEY,1
SEIJA,1
SENECA,1
SENETORI,1
SERA,1
SERENA,1
SERGIO,1
SEVEN,1
SEVERAS,1
SEVETTA,1
SHAHARA,1
SHAKIE,1
SHALE,1
SHAMROCK,1
SHANA,1
SHANNON,1
SHANOOK,1
SHAQ,1
SHARPIE,1
SHASHA,1
SHAWN,1
SHAWNI,1
SHEBAH BEAR,1
SHEEBAH,1
SHEEP,1
SHEILA,1
SHELL,1
SHELLY,1
SHEP,1
SHEPARD,1
SHERLOCK B,1
SHERPA,1
SHIBA,1
SHILO,1
SHINOOK,1
SHIPPO,1
SHIRLEY,1
SHOESHINE,1
SHOOTER,1
SHORT STACK,1
SHORTI,1
SHOSHANA,1
SHREDDER,1
SHUFTI,1
SHYANNE,1
SHYLO,1
SHYTIA,1
SIDNEY VIRDE,1
SIF,1
SIG,1
SIGNE,1
SIKU,1
SILKIE,1
SILO,1
SILSA,1
SILVER BELLE,1
SILVIE,1
SIMOND,1
SIN TU,1
SINATRA,1
SINJIN,1
SIPSEY,1
SIR,1
SIR ARTHUR,1
SIR JAKE,1
SIR LOIN TIP,1
SIRIUS,1
SIS,1
SISCO,1
SISTER,1
SITKA ROSE,1
SIVU,1
SJENA,1
SKADI,1
SKA-DOO,1
SKADTHI,1
SKAGIT,1
SKEETER,1
SKEEZ,1
SKEEZIX,1
SKI,1
SKIMO,1
SKIP,1
SKIPPER LEE,1
SKODA,1
SKOOKUM,1
SKY BLUE,1
SKYLAR,1
SKYLER,1
SKYWALKER,1
SLAPPY,1
SLATER,1
SLEEPY,1
SMIKE,1
SMOLTZ,1
S'MORES,1
SNICKERDOODL,1
SNIFFY,1
SNOOKIE,1
SNOOPI,1
SNORRI,1
SNORT,1
SNORTICUS,1
SNOWEE,1
SNOWFLAKE,1
SNOWFLY,1
SNUFFLES,1
SNUFFY,1
SNUGGLES,1
SOCRATES,1
SODA,1
SOFIA,1
SOLAR,1
SOLDAT,1
SOLEIL,1
SOLOMON,1
SOLSTICE,1
SOMBRA,1
SONJA,1
SONNE,1
SONNIE,1
SONOMA,1
SONYA,1
SORELLE,1
SOUNDER,1
SPARKER,1
SPARKEY,1
SPARKLE,1
SPARKLES,1
SPARKPLUG,1
SPARKS,1
SPARROW,1
SPARTACUS,1
SPARTICA,1
SPAZ,1
SPECIAL,1
SPECK,1
SPECKLES,1
SPINK,1
SPINNER,1
SPOOK,1
SPOOKY,1
SPORT,1
SPOTAN,1
SPREE,1
SPRINGER,1
SPRINGZ,1
SPRINKLES,1
SPRITES,1
SPRITZEN,1
SPUD,1
SPUDD,1
SPUDS,1
SPUNK,1
SPYDER,1
SQUALL,1
SQUARE,1
SQUEEK,1
SQUIRM,1
SQUIRT,1
STACHE,1
STARBURST,1
STEIN,1
STELLA BLUE,1
STEVIE,1
STEWART,1
STINSON,1
STONEY,1
STORMIE,1
STORMY JACK,1
STOUT,1
STRAW,1
STRIKER,1
STRYDER,1
STUARTLITTLE,1
STUBBS,1
STUBBY,1
SUBIE,1
SUE-SUE,1
SUFJAN,1
SUGAR JOE,1
SULLEY,1
SULLY,1
SUMITT,1
SUMMER,1
SUMMER THYME,1
SUMMITT,1
SUNDANCE,1
SUNFLOWER,1
SUNGA,1
SURF,1
SURRI,1
SUSHI MAE,1
SUSIE Q II,1
SUZI,1
SUZIE,1
SUZIE Q,1
SUZY,1
SUZY Q,1
SVEN,1
SWAN,1
SWEENEY,1
SWEETNESS,1
SWEETS,1
SWIPER,1
SWIVEL,1
SWIVEL SHOT,1
SWYPER,1
SYDNEY MARIE,1
SYLVIE,1
SYNDEE SUE,1
SYSCO,1
T REX,1
T. C.,1
T.REXI,1
TACKLA,1
TACO,1
TAESHIA,1
TAFFY,1
TAITTI,1
TAJ,1
TAKA,1
TAKO,1
TAKOTNA,1
TAKU,1
TAKU DENALI,1
TAMAR,1
TAMARI,1
TAMI,1
TANGIE,1
TANNA,1
TANNY,1
TAPPER,1
TARA,1
TARI,1
TARKUS,1
TART,1
TASER,1
TASHI,1
TASSIE,1
TATE,1
TATER,1
TATER TOTT,1
TATIA,1
TATIANA,1
TATIYANNA,1
TAWNY,1
TAX,1
TAZO,1
TAZZEE,1
TAZZIE,1
TBONE,1
T-DAWG,1
TEA,1
TECKLA,1
TEDDI,1
TEDDI BEAR,1
TEDDY BEAR,1
TEETE,1
TEGAN,1
TEINE,1
TEKAHN,1
TEKO,1
TEL DOR,1
TEMBA,1
TEMP,1
TENAKEE,1
TEQUILA,1
TESSIE,1
TESSY,1
TETRA,1
TETSUO,1
TEVA,1
THAEOBEO,1
THANE,1
THE DUDE,1
THEA,1
THEADORA,1
THOMAS,1
THUNDER SALL,1
THUNDERBOLT,1
TIARA,1
TIBERIUS,1
TIBOR,1
TICANI,1
TICO,1
TIDBIT,1
TIGA,1
TIGER,1
TIGGY,1
TIKA,1
TIKANI PEARL,1
TIKKI,1
TILA-TEQUILA,1
TILLEY,1
TILLIE,1
TILT,1
TIMBA,1
TIMBRE,1
TIMMY,1
TIMO,1
TIMOTHY,1
TINGNOI,1
TINGTING,1
TINKA,1
TINNIE,1
TIP,1
TIPPER,1
TIPPY TOES,1
TK,1
TOBY II,1
TOGIAK,1
TOJI,1
TOKEN,1
TOKI,1
TOKLAT,1
TOKO,1
TOLI,1
TOLMIN,1
TOMEO,1
TOMODASHI II,1
TONY,1
TOO TOO,1
TOOLI,1
TOOT,1
TOOTHLESS,1
TOOTS,1
TOPO,1
TOPPER,1
TORO,1
TORPEDO,1
TORQUE,1
TOSCA,1
TOSINA,1
TOVA,1
TOVIA,1
TOYA,1
TRACKER,1
TRACY,1
TRANGO,1
TRAVELER,1
TREK,1
TREX,1
TREY,1
TRILEBOO,1
TRILLIAN,1
TRIP,1
TRISCUIT,1
TRITON,1
TRON,1
TROUBLE TOO,1
TROUPER,1
TRUCK,1
TRUE,1
TRUFFLE,1
TRUFFLES,1
TRYGG,1
TUBS,1
TUCKER ROO,1
TUDOR,1
TUGARUS,1
TUGBE,1
TUGG,1
TUGGER,1
TUHKA,1
TUI,1
TULE,1
TULI,1
TULIP,1
TULLA,1
TULLY,1
TUNA,1
TUNDRA JADE,1
TUPIN,1
TURK,1
TURKEY,1
TURKISH,1
TUT,1
TUTSI,1
TWIGGY,1
TWINK,1
TWITTER,1
TWIX,1
TYCHO,1
TYE,1
TYGA,1
TYGE,1
TYPHOID,1
TYRUS,1
UELI,1
UKIAH,1
UKIE,1
ULBRECHT,1
ULLA,1
ULLAR,1
ULLE,1
ULLER,1
UMA,1
UMBRO,1
UNA,1
URSA,1
URSUS,1
USCHI,1
USZKA,1
VALENTINE,1
VALLEY,1
VANELLOPE,1
VAYDA,1
VELLA MARIE,1
VELMA,1
VENN,1
VENNY,1
VENTA GUMS,1
VENTI,1
VENUS,1
VERLIS,1
VERN,1
VERONA,1
VESPA,1
VIC,1
VICTOR,1
VIDA,1
VIDA LOCA,1
VIENNA,1
VIGO,1
VINNIE,1
VINNY,1
VITO,1
VIVA,1
VIVEE,1
VLADIMIR,1
VOLTA,1
VOODOO,1
W,1
WABB,1
WALDO,1
WALLEY,1
WALNUT,1
WASABI,1
WASH,1
WASHBURN,1
WAVERLY,1
WAYLON,1
WEASEL,1
WEDGE,1
WEENIE,1
WEEZER,1
WELLER,1
WELLINGTON,1
WENDELL,1
WENDIGO,1
WENSLEY,1
WESKER,1
WESLEY,1
WESTWOOD,1
WHEELER,1
WHIMSY,1
WHINNIE,1
WHIRRLEY,1
WHISKEY GIRL,1
WHISKEY JACK,1
WHISPER,1
WHITE BOY,1
WHITEY,1
WIGGLEBUTT,1
WILBUR,1
WILE E,1
WILEY COYOTE,1
WILHELMINA,1
WILLIWAW,1
WILLOU,1
WILLOW KAYA,1
WILLS,1
WINDEE,1
WINIFRED,1
WINNIFRED,1
WINSTON CHUR,1
WINSTON II,1
WISHBONE,1
WIZARD,1
WOLFE,1
WOLFIE,1
WOOBY,1
WOODROW,1
WOODY BOUDRO,1
WOOF,1
WOOKIE,1
WOOTER,1
WOOTIE,1
WOPPER,1
WRANGLE,1
WRANGLER,1
WRIGGLEY,1
WULA,1
WYLIE,1
WYNN,1
WYNNIE,1
X,1
XAADAS,1
XAN,1
XENA WOOD,1
XENIA,1
XERXES,1
XOCHITL,1
YAHTZEE,1
YANKLE,1
YETI,1
YIPPEE,1
YKSI,1
YOGI,1
YOGI BEAR,1
YOLI,1
YONA,1
YOTA,1
YOZHKA,1
YSABEAU,1
YUGI,1
YUM YUM,1
YURI,1
YUUKO,1
ZACHARY,1
ZADER,1
ZADIE,1
ZAHA,1
ZAMA,1
ZAMBI,1
ZAMBO,1
ZANE,1
ZARA,1
ZASHI,1
ZAYCA,1
ZAZEE,1
ZEAL,1
ZEB,1
ZEBO,1
ZEEKE,1
ZEENA,1
ZEEV,1
ZEEVA,1
ZEEVAH,1
ZEEZEE,1
ZEISHA,1
ZEN,1
ZENA,1
ZENDOR,1
ZEPPA,1
ZIESA,1
ZIGGS,1
ZIGMOND,1
ZILI,1
ZIMA,1
ZINA,1
ZIPPY KITTY,1
ZIVA RANAE,1
ZIZU,1
ZOEY DAISY,1
ZOEY MARIE,1
ZONA,1
ZOOEY,1
ZOOIE,1
ZORA,1
ZORBA,1
ZORRA,1
ZOTTER,1
ZSA ZSA,1
ZUILA,1
ZUMA,1
ZUNA,1
ZUNI,1
ZURI,1
ZUZU,1
ZYRT,1
